metin,kategori
Ev sahibi olmak isteyenlere özel 120 aya varan vadelerle konut finansmanı fırsatı.,konut_finansmani
Konut alımlarında avantajlı kâr payı oranı ve esnek ödeme seçenekleri sunulmaktadır.,konut_finansmani
Yeni ev alacak müşterilere 2 milyon TL'ye kadar konut finansmanı desteği.,konut_finansmani
İlk evim kampanyası kapsamında uygun ödeme planlı konut finansmanı.,konut_finansmani
Satın almak istediğiniz daire için uzun vadeli finansman seçeneklerinden yararlanın.,konut_finansmani
"Konut finansmanında 60, 84 ve 120 ay vade alternatifleri.",konut_finansmani
Hayalinizdeki eve kavuşmanız için düşük maliyetli konut finansmanı fırsatı.,konut_finansmani
Ev alımına yönelik bireysel finansman başvuruları şubelerden yapılabilir.,konut_finansmani
Konut sahibi olmak isteyen yeni müşterilere özel kâr payı avantajı.,konut_finansmani
Mortgage yerine katılım esaslı konut finansmanı çözümü.,konut_finansmani
İkinci el konut alımlarında da kullanılabilen finansman kampanyası.,konut_finansmani
Ev finansmanı başvurularında ekspertiz süreci sonrası ödeme planı oluşturulur.,konut_finansmani
8.000.000 TL'ye kadar konut finansmanı ve 120 aya kadar vade.,konut_finansmani
Konut projelerine özel avantajlı finansman koşulları sunulmaktadır.,konut_finansmani
Peşinat sonrası kalan tutar için konut finansmanı kullanabilirsiniz.,konut_finansmani
Sıfır araç alımlarında 48 aya kadar taşıt finansmanı fırsatı.,tasit_finansmani
İkinci el otomobil alacak müşterilere özel araç finansmanı.,tasit_finansmani
Yeni otomobilinizi avantajlı kâr payı ile finanse edin.,tasit_finansmani
Taşıt finansmanında 1.500.000 TL'ye kadar finansman desteği.,tasit_finansmani
Aracını yenilemek isteyenlere esnek ödeme planlı taşıt finansmanı.,tasit_finansmani
Sıfır kilometre araçlar için özel finansman oranları sunulmaktadır.,tasit_finansmani
Otomobil alımlarında katılım bankacılığı esaslarına uygun finansman.,tasit_finansmani
Ticari araç satın alımlarında avantajlı taşıt finansmanı seçenekleri.,tasit_finansmani
Araba alacak bireysel müşterilere 36 ay vadeli finansman fırsatı.,tasit_finansmani
İkinci el araç alımında yaş kriterine göre finansman kullanabilirsiniz.,tasit_finansmani
Taşıt finansmanı başvurunuzu mobil uygulama üzerinden yapabilirsiniz.,tasit_finansmani
Yeni aracınız için 750.000 TL'ye kadar finansman desteği.,tasit_finansmani
Otomobil kampanyasında tahsis ücreti alınmadan taşıt finansmanı.,tasit_finansmani
Araç satın alımlarında ödeme planınızı bütçenize göre oluşturun.,tasit_finansmani
Taşıt finansmanında cazip oran ve esnek vade seçenekleri.,tasit_finansmani
Eğitim ve sağlık harcamalarınız için ihtiyaç finansmanı kullanabilirsiniz.,ihtiyac_finansmani
Bireysel ihtiyaçlarınız için 24 aya kadar finansman desteği.,ihtiyac_finansmani
Evinizin tadilatı için uygun ödeme planlı ihtiyaç finansmanı.,ihtiyac_finansmani
Düğün masraflarınıza yönelik bireysel finansman çözümü.,ihtiyac_finansmani
Beklenmedik harcamalar için hızlı ihtiyaç finansmanı başvurusu.,ihtiyac_finansmani
Mobilya ve beyaz eşya alımlarında ihtiyaç finansmanı fırsatı.,ihtiyac_finansmani
Tüketici ihtiyaçlarına yönelik esnek vadeli finansman kampanyası.,ihtiyac_finansmani
50.000 TL'ye kadar bireysel ihtiyaç finansmanı.,ihtiyac_finansmani
İhtiyaçlarınızı ertelemeden karşılamak için finansman desteği.,ihtiyac_finansmani
Eğitim giderlerinizi karşılamak üzere katılım esaslı finansman.,ihtiyac_finansmani
Sağlık harcamalarında kullanılabilecek ihtiyaç finansmanı.,ihtiyac_finansmani
Ev yenileme masrafları için bireysel finansman seçeneği.,ihtiyac_finansmani
Şubeye gitmeden mobil uygulamadan ihtiyaç finansmanı başvurusu.,ihtiyac_finansmani
Kişisel harcamalar için avantajlı kâr payı ile finansman.,ihtiyac_finansmani
"İhtiyaç finansmanında 3, 6, 12 ve 24 ay vade seçenekleri.",ihtiyac_finansmani
Kartınızla market alışverişlerinde yüzde 20 indirim kazanın.,kredi_karti
Kredi kartı sahiplerine 5.000 TL alışveriş çeki kampanyası.,kredi_karti
Akaryakıt harcamalarına özel bonus ve indirim fırsatı.,kredi_karti
Gold kart ile restoran harcamalarında yüzde 15 iade.,kredi_karti
Kart müşterilerine özel taksit ve puan kampanyası.,kredi_karti
Online alışverişlerde kartınıza 500 TL bonus yüklenecektir.,kredi_karti
Market sektöründe 1.000 TL üzeri kart harcamalarına indirim.,kredi_karti
Yeni kart başvurusu yapan müşterilere hoş geldin bonusu.,kredi_karti
Kredi kartıyla yapılan eğitim ödemelerinde taksit fırsatı.,kredi_karti
Temassız kart ödemelerinde hafta sonuna özel cashback kampanyası.,kredi_karti
Goldmaster Kart sahiplerine 3 ay boyunca alışveriş çeki.,kredi_karti
Kart ile yapılan seyahat harcamalarında yüzde 10 iade.,kredi_karti
Elektronik alışverişlerinde kredi kartına özel 6 taksit.,kredi_karti
Belirli üye işyerlerinde kart kullanıcılarına bonus TL.,kredi_karti
Yeni müşterilere özel kredi kartı aidat avantajı ve ödül.,kredi_karti
Katılma hesabı açarak birikimlerinizi kâr paylaşımı esasına göre değerlendirin.,katilma_hesabi
Vadeli hesap yerine katılım esaslı birikim hesabından yararlanın.,katilma_hesabi
Türk lirası katılma hesabında farklı vade seçenekleri sunulmaktadır.,katilma_hesabi
Birikimlerini değerlendirmek isteyen müşterilere katılma hesabı.,katilma_hesabi
"Katılma hesabınızın vadesini 1 ay, 3 ay veya 6 ay seçebilirsiniz.",katilma_hesabi
Döviz katılma hesabı ile tasarruflarınızı değerlendirin.,katilma_hesabi
Yeni müşterilere özel katılma hesabı kampanyası.,katilma_hesabi
Katılma hesabında elde edilen getiri kâr payı esasına dayanır.,katilma_hesabi
Birikimlerinize uygun vadeli katılma hesabı seçenekleri.,katilma_hesabi
Mobil bankacılıktan kolayca katılma hesabı açabilirsiniz.,katilma_hesabi
TL birikimler için avantajlı kâr paylaşım oranlı katılma hesabı.,katilma_hesabi
Katılım hesabı ürünümüzle tasarruflarınızı değerlendirebilirsiniz.,katilma_hesabi
Uzun vadeli birikimler için katılma hesabı fırsatı.,katilma_hesabi
Katılma hesabında minimum açılış tutarı 10.000 TL'dir.,katilma_hesabi
Tasarruf sahiplerine özel katılım esaslı hesap seçenekleri.,katilma_hesabi
Altın fonu ile birikimlerinizi değerlendirebilirsiniz.,yatirim
Sukuk yatırımlarına erişim sağlayan yatırım ürünleri sunulmaktadır.,yatirim
Kira sertifikası yatırımı ile portföyünüzü çeşitlendirin.,yatirim
Katılım esaslı yatırım fonlarına mobil uygulamadan ulaşabilirsiniz.,yatirim
Yatırım hesabı açarak altın ve fon işlemlerinizi gerçekleştirin.,yatirim
Sukuk ve kira sertifikası ürünleri yatırımcıların erişimine sunuldu.,yatirim
Katılım fonları ile uzun vadeli yatırım alternatifleri.,yatirim
Altın birikimlerinizi yatırım hesabında değerlendirin.,yatirim
Fon alım satım işlemleri internet bankacılığından yapılabilir.,yatirim
Yatırımcı profiline uygun katılım esaslı fon seçenekleri.,yatirim
Kira sertifikası ihracına yatırım yapabilirsiniz.,yatirim
Döviz ve altın bazlı yatırım ürünleri sunulmaktadır.,yatirim
Yatırım hesabı sahiplerine özel fon kampanyası.,yatirim
Portföyünü çeşitlendirmek isteyenlere sukuk yatırım fırsatı.,yatirim
Katılım bankacılığı prensiplerine uygun yatırım araçları.,yatirim
