metin,kategori,kaynak,zorluk
Beğendiğiniz otomobili satın alırken peşinatınızın ardından kalan tutarı uzun vadeli ödeme seçenekleriyle tamamlayabilirsiniz. 1.100.000 TL'ye kadar kullanım imkânı bulunan çözümde 12 aydan 48 aya kadar farklı planlar oluşturulmaktadır. Araç faturası veya satış belgesinin başvuru sırasında sunulması gerekir.,tasit_finansmani,synthetic,zor
Taşıt finansmanında cazip oran ve esnek vade seçenekleri.,tasit_finansmani,real,belirsiz
Sıfır kilometre araçlar için özel finansman oranları sunulmaktadır.,tasit_finansmani,real,belirsiz
"Portföyünde farklı varlık sınıflarına yer vermek isteyen müşteriler altın, döviz ve katılım fonlarını birlikte değerlendirebilir. Risk dağılımı, yatırım süresi ve piyasa beklentileri dikkate alınarak farklı ürün kombinasyonları oluşturulabilir. İşlemler mobil uygulama üzerinden yönetilebilir.",yatirim,synthetic,orta
"Çatı onarımı, ısı yalıtımı ve mutfak yenilemesi gibi evinizi daha kullanışlı hâle getirecek işler için bütçe desteğinden yararlanabilirsiniz. 450.000 TL'ye kadar tutar 36 aya yayılarak ödenebilir. Kesin oran ve aylık ödeme miktarı değerlendirme sonrasında açıklanır.",ihtiyac_finansmani,synthetic,zor
Yurt dışı dil eğitimi veya mesleki gelişim programına katılacak bireysel müşteriler için özel finansman koşulları hazırlandı. Eğitim bedelinin uygun bulunan kısmı için 400.000 TL'ye kadar destek sağlanabilir. 36 aya kadar vadelerde oranlar kullanım tutarına göre değişmektedir.,ihtiyac_finansmani,synthetic,orta
"Yeni tamamlanan projelerden daire satın almak isteyen müşteriler için özel bir ödeme modeli oluşturuldu. 500.000 TL ile 4.000.000 TL arasındaki finansman talepleri 36, 60 veya 120 ay vadeyle değerlendirilebilir. Başvuru ve ekspertiz süreci şubeler üzerinden yürütülmektedir.",konut_finansmani,synthetic,orta
"Mobil bankacılık uygulamamız yenilendi. Güncel sürümle hesap hareketlerinizi görüntüleyebilir, para transferlerinizi daha hızlı gerçekleştirebilir ve şube bilgilerine kolayca ulaşabilirsiniz.",diger,synthetic,kolay
Yeni şubemiz 1 Eylül 2026 tarihinden itibaren hizmet vermeye başlayacaktır. Bireysel ve ticari müşterilerimiz bankacılık işlemleri için yeni hizmet noktamızı ziyaret edebilir.,diger,synthetic,kolay
Birikimlerinize uygun vadeli katılma hesabı seçenekleri.,katilma_hesabi,real,belirsiz
Konut finansmanı kampanyamızla ev sahibi olma planınızı uzun vadeli ödeme seçenekleriyle gerçekleştirebilirsiniz. 1.500.000 TL finansman için 60 aya kadar vade ve müşteriye özel kâr payı oranları sunulmaktadır.,konut_finansmani,synthetic,kolay
ATM üzerinden gerçekleştirilen işlemlerde güvenliğinizi korumak için şifrenizi üçüncü kişilerle paylaşmayınız. Kartınızı cihazda unutmanız durumunda müşteri hizmetleriyle iletişime geçebilirsiniz. ATM kullanımına ilişkin güncel işlem limitleri dijital kanallardan görüntülenebilir.,diger,synthetic,orta
Belirli bir süre kullanmayı planlamadığınız paranızı sabit bir hesapta tutmak yerine farklı faizsiz sermaye piyasası araçlarına dağıtabilirsiniz. Kira sertifikası ve katılım fonu payları satın alınarak piyasa koşullarına bağlı bir portföy oluşturulabilir. Varlıkların değeri alım tarihinden sonra artabileceği gibi azalabilir.,yatirim,synthetic,zor
"İlk kez kendi yaşam alanını satın alacak yeni müşteriler için özel koşullar hazırlandı. Ekspertiz sonucu uygun bulunan taşınmazlarda 500.000 TL ile 3.000.000 TL arasındaki ihtiyaçlar 10 yıla kadar taksitlendirilebilir. Süreç internet bankacılığından başlatılabilir, tapu aşamasındaki işlemler ise şube aracılığıyla tamamlanır.",konut_finansmani,synthetic,zor
Araç satış işlemi sonrasında tarafınıza gönderilecek bedeli IBAN üzerinden hesabınıza kabul edebilirsiniz. Yüksek tutarlı transferlerde işlem güvenliği amacıyla ek doğrulama veya işlem kontrolü uygulanabilir. Sunulan hizmet aracın satın alınmasına yönelik bir finansman desteği değildir.,diger,synthetic,zor
İşyerinizde tahsilat süreçlerini kolaylaştırmak için farklı POS çözümleri sunulmaktadır. Fiziki POS cihazlarının yanı sıra uygun işletmeler sanal POS hizmetinden de yararlanabilir. Başvurular şubeler üzerinden alınmaktadır.,diger,synthetic,orta
"İhtiyaç finansmanında 3, 6, 12 ve 24 ay vade seçenekleri.",ihtiyac_finansmani,real,belirsiz
"Birikimlerinizi profesyonel olarak yönetilen katılım fonlarında değerlendirebilirsiniz. Düşük, orta ve yüksek risk seviyesine sahip fon seçenekleri arasından yatırım hedeflerinize uygun tercihi yapabilirsiniz. Alım ve satım işlemleri internet bankacılığından gerçekleştirilebilir.",yatirim,synthetic,kolay
"Yeni aracınızı avantajlı ödeme seçenekleriyle satın alın. 1,5 milyon TL'ye kadar taşıt finansmanı 60 aya varan vadelerle sunulmaktadır. Bireysel müşteriler başvurularını mobil uygulamadan gerçekleştirebilir.",tasit_finansmani,synthetic,kolay
"Aileniz için daha geniş bir eve geçmeyi planlıyorsanız, uygun ödeme planlarıyla satın alma sürecinizi destekleyebilirsiniz. 5 milyon TL'ye kadar finansman, 120 aya kadar vade ve %2,05'ten başlayan kâr payı seçenekleri sunulmaktadır. Kampanya Ağustos sonuna kadar bireysel müşteriler için geçerlidir.",konut_finansmani,synthetic,orta
"Evinize yeni bir salon takımı, yatak ve yemek masası almak için birikiminizin tamamını kullanmanız gerekmiyor. Seçili alışverişlerde 175.000 TL'ye kadar kalan bedel 24 aya kadar düzenli ödemelere bölünebilir. Başvuru için şubelerimizden bilgi alabilirsiniz.",ihtiyac_finansmani,synthetic,zor
İkinci el konut alımlarında da kullanılabilen finansman kampanyası.,konut_finansmani,real,belirsiz
Elinizdeki gram altınları belirli bir süre kullanmayı düşünmüyorsanız 6 aylık değerlendirme seçeneğini tercih edebilirsiniz. Dönem sonunda elde edilen sonuç hesabınıza paylaştırılır; klasik faizli ürünlerde olduğu gibi önceden kesinleştirilmiş bir kazanç bulunmaz.,katilma_hesabi,synthetic,zor
"Bireysel müşterilere yönelik yeni araç kampanyasında 1,5 milyon TL'ye kadar finansal destek sağlanmaktadır. 60 aya varan ödeme süresi ve %2,25'ten başlayan kâr payı oranları araç modeline ve finansman tutarına göre değişebilir. Detaylı koşullar şubelerden öğrenilebilir.",tasit_finansmani,synthetic,orta
"Yeni müşteriler, seçili konut alımlarında 3.000.000 TL'ye kadar finansman kullanabilir. %1,95 kâr payı oranıyla sunulan kampanyada azami vade 120 aydır. Başvurular 1 Haziran 2026'dan itibaren şubelerden alınacaktır.",konut_finansmani,synthetic,kolay
Katılma hesabında minimum açılış tutarı 10.000 TL'dir.,katilma_hesabi,real,belirsiz
Sıfır kilometre araç alacak müşterilere özel taşıt finansmanı kampanyamız Eylül ayı sonuna kadar devam ediyor. 950.000 TL finansman için 24 veya 36 ay vade seçenekleri sunulmaktadır. Başvurunuzu internet bankacılığı üzerinden başlatabilirsiniz.,tasit_finansmani,synthetic,kolay
Mevcut müşterilerimizin sıfır veya ikinci el daire alımlarında kullanabileceği finansman paketi yenilendi. 2.500.000 TL'ye kadar olan taleplerde 84 aya varan vade uygulanırken kâr payı oranı müşterinin tercih ettiği ödeme planına göre belirlenmektedir. Ön başvurular mobil uygulamadan yapılabilir.,konut_finansmani,synthetic,orta
"Nikâh, organizasyon, fotoğraf çekimi ve yeni evin eksikleri aynı dönemde bütçenizde yük oluşturabilir. Bu harcamalar için 350.000 TL'ye kadar tutar 12 ila 36 aya yayılan ödeme planıyla karşılanabilir. Eylül ayı sonuna kadar yapılan başvurularda farklı oran seçenekleri sunulacaktır.",ihtiyac_finansmani,synthetic,zor
Tasarruflarınızı kâr-zarar ortaklığı esasına göre değerlendirebileceğiniz hesap seçeneğimizle birikimlerinizi farklı vadelerde yönetebilirsiniz. Hesap açılışı 10.000 TL'den başlamakta olup 3 ve 6 aylık vade alternatifleri sunulmaktadır.,katilma_hesabi,synthetic,kolay
Taşıt finansmanı başvurunuzu mobil uygulama üzerinden yapabilirsiniz.,tasit_finansmani,real,belirsiz
Belirli üye işyerlerinde kart kullanıcılarına bonus TL.,kredi_karti,real,belirsiz
Temassız kart ödemelerinde hafta sonuna özel cashback kampanyası.,kredi_karti,real,belirsiz
Kira ödemek yerine kendi eviniz için düzenli ödeme yapmak isteyen müşterilerimize uzun vadeli bir satın alma çözümü sunuyoruz. Ekspertiz değeri uygun bulunan dairelerde 5 milyon TL'ye kadar destek sağlanabilir. 120 aya kadar oluşturulabilen ödeme planlarında oranlar müşteri profiline ve finansman tutarına göre değişmektedir.,konut_finansmani,synthetic,zor
"Sabit getiri beklentisi yerine ticari faaliyetlerden doğan sonuca ortak olmayı tercih eden müşteriler için farklı vadelerde tasarruf seçeneği bulunmaktadır. Euro bazında açılabilen hesaplarda minimum 2.000 euro ile 3 veya 6 aylık dönem seçilebilir. Vade bitiminde oluşan pay, ilgili dönemin gerçekleşen sonucuna bağlıdır.",katilma_hesabi,synthetic,zor
"Mobilya ve beyaz eşya alışverişlerinize yönelik 100.000 TL'ye kadar ihtiyaç finansmanı fırsatından yararlanın. %2,19'dan başlayan kâr payı oranlarıyla 18 aya kadar ödeme planı oluşturabilirsiniz.",ihtiyac_finansmani,synthetic,kolay
"Euro cinsinden tasarruflarını değerlendirmek isteyen müşterilere farklı vadelerde katılma hesabı seçenekleri sunulmaktadır. Minimum 1.000 euro ile açılabilen hesaplarda 1 ay, 3 ay ve 1 yıl vadeler tercih edilebilir.",katilma_hesabi,synthetic,kolay
"Uzun vadeli tasarruf hedefleriniz için birikimlerinizi 3 ay, 6 ay veya 1 yıl süreyle değerlendirebilirsiniz. TL hesap açılışlarında minimum 5.000 TL şartı bulunurken, kâr payı vade sonunda gerçekleşen sonuca göre belirlenir.",katilma_hesabi,synthetic,orta
"Uzun vadede varlıklarını çeşitlendirmek isteyen müşteriler için altın, döviz, sukuk ve katılım fonlarının yer aldığı farklı ürün seçenekleri bulunmaktadır. Tek bir varlık grubuna yoğunlaşmak yerine risk tercihinize uygun bir portföy dağılımı oluşturabilirsiniz. Güncel değerler internet bankacılığından takip edilebilir.",yatirim,synthetic,orta
"Ailenizin ihtiyaçlarına uygun yeni bir yaşam alanı seçtiğinizde, satış bedelinin belirli bir bölümü için bankamızdan destek alabilirsiniz. Tapu ve ekspertiz süreçlerinin tamamlanmasının ardından 60 aydan 120 aya kadar farklı ödeme seçenekleri oluşturulur. Kampanya bireysel müşteriler için Ağustos sonuna kadar geçerlidir.",konut_finansmani,synthetic,zor
"Mevcut dairesini satarak daha yüksek değerli bir eve geçmek isteyen müşterilere özel bir finansal çözüm sunulmaktadır. Yeni taşınmazın değeri dikkate alınarak 5 milyon TL'ye kadar kullanım imkânı sağlanabilir ve 120 aylık ödeme planı tercih edilebilir. %2,09'dan başlayan oranlar başvuru değerlendirmesi sonrasında kesinleşir.",konut_finansmani,synthetic,zor
"Müşterilerimiz, hesaplarında yeterli bakiye bulunması halinde düzenli ödeme talimatları oluşturabilir. Kira, aidat veya benzeri periyodik ödemeler belirlenen tarihlerde otomatik olarak gönderilebilir. Talimatın oluşturulması katılma hesabı açılışı ya da yeni bir yatırım ürünü anlamına gelmez.",diger,synthetic,zor
Altın birikimlerinizi yatırım hesabında değerlendirin.,yatirim,real,belirsiz
Sağlık harcamalarında kullanılabilecek ihtiyaç finansmanı.,ihtiyac_finansmani,real,belirsiz
"Yeni eğitim döneminde okul kaydı, servis ve eğitim materyali giderlerinizi bütçenize göre zamana yayabilirsiniz. 90.000 TL'ye kadar olan tutarlarda 6, 9 veya 12 aylık ödeme seçenekleri bulunmaktadır. İşlemler mobil kanaldan başlatılabilir.",ihtiyac_finansmani,synthetic,zor
Ev tadilatı yapan ustaya veya tedarikçiye ödeme göndermek için kayıtlı alıcı özelliğinden yararlanabilirsiniz. Daha önce kaydettiğiniz IBAN'a yapılacak transferlerde bilgiler otomatik olarak getirilebilir. Banka bu işlem kapsamında tadilat giderleri için ek kaynak sağlamaz.,diger,synthetic,zor
Yatırım hesabı sahiplerine özel fon kampanyası.,yatirim,real,belirsiz
Yatırım hesabı açarak altın ve fon işlemlerinizi gerçekleştirin.,yatirim,real,belirsiz
"Kısa vadede kullanmayı planlamadığınız tasarruflarınızı farklı sürelerde değerlendirebilir, vade sonunda elde edilen sonuca ortak olabilirsiniz. 50.000 TL ve üzerindeki tutarlarda 1 ay ile 1 yıl arasında değişen seçenekler sunulmaktadır. İşleyiş kâr-zarar paylaşımı esasına dayanır.",katilma_hesabi,synthetic,orta
"İkinci el aracınızı seçin, ödeme planınızı bütçenize göre oluşturun. 500.000 TL'ye kadar taşıt finansmanı %2,19'dan başlayan kâr payı oranları ve 36 aya varan vade ile sunulmaktadır.",tasit_finansmani,synthetic,kolay
"Buzdolabı, çamaşır makinesi ve fırın gibi temel ev eşyalarını yenilemeyi düşünüyorsanız 150.000 TL'ye kadar destekten yararlanabilirsiniz. Ödemelerinizi 6 aydan 24 aya kadar yayabilirsiniz. 5 Eylül 2026 tarihinden sonra yapılan başvurular mobil kanaldan da takip edilebilir.",ihtiyac_finansmani,synthetic,orta
Müşteri hizmetleri kanalımız üzerinden hesap işlemleri ve dijital bankacılık kullanımı hakkında destek alabilirsiniz. Temsilcilerimize haftanın her günü belirtilen hizmet saatleri içinde ulaşabilirsiniz.,diger,synthetic,kolay
50.000 TL'ye kadar bireysel ihtiyaç finansmanı.,ihtiyac_finansmani,real,belirsiz
"Eskiyen buzdolabınızı ve çamaşır makinenizi yenilerken mutfağınız için gerekli diğer ürünleri de aynı plan kapsamında satın alabilirsiniz. Toplam 110.000 TL'ye kadar harcama 3, 6, 12 veya 18 aylık dönemlere bölünebilir. Ön değerlendirme internet şubesinden yapılmaktadır.",ihtiyac_finansmani,synthetic,zor
Planlı bir ameliyat veya uzun süreli tedavi nedeniyle oluşabilecek yüksek tutarlı harcamalar için ödeme desteği sunulmaktadır. 500.000 TL'ye kadar kullanım imkânında azami vade 36 aydır. Kâr payı oranı müşteri değerlendirmesine göre belirlenmektedir.,ihtiyac_finansmani,synthetic,orta
"İkinci el daire alımlarına yönelik yeni kampanyada 4.250.000 TL'ye kadar finansman imkânı sağlanmaktadır. Müşteriler 48, 72 veya 120 aylık ödeme planlarından kendilerine uygun olanı seçebilir. Ekspertiz işleminin ardından kesin finansman tutarı ve kâr payı oranı bildirilmektedir.",konut_finansmani,synthetic,orta
Altınlarını fiziki olarak saklamak yerine hesap üzerinden değerlendirmeyi tercih eden müşteriler için vadeli bir tasarruf alternatifi sunuyoruz. Birikimler gram altın cinsinden izlenirken 3 veya 6 aylık dönemlerde oluşan kâr paylaşımına katılım sağlanır.,katilma_hesabi,synthetic,orta
Galeriden seçtiğiniz ikinci el otomobil için satış işlemi tamamlanmadan önce finansal değerlendirme başlatabilirsiniz. Aracın yaşı uygun olduğunda 300.000 TL ile 950.000 TL arasındaki ihtiyaçlar 36 aya kadar taksitlendirilebilir. Eylül ayı sonuna kadar yapılan başvurularda işlem masrafına yönelik indirim uygulanabilir.,tasit_finansmani,synthetic,zor
"ATM'lerimizden para çekme, para yatırma ve hesap bakiyesi görüntüleme işlemleri yapılabilmektedir. Size en yakın ATM'nin konumuna mobil uygulamamız üzerinden ulaşabilirsiniz.",diger,synthetic,kolay
"Mevcut aracını değiştirmek isteyen müşteriler, yeni seçtikleri otomobilin satış bedeline göre ek ödeme desteğinden yararlanabilir. Sıfır kilometre modellerde 60 aya, ikinci el seçeneklerde ise 36 aya kadar planlama yapılabilir. 5 Mayıs 2026'dan sonra mobil kanaldan yapılan başvurular da değerlendirmeye alınacaktır.",tasit_finansmani,synthetic,zor
"Katılım esaslarına uygun ürünlerle birikimini büyütmek isteyen müşteriler, doğrudan fon payı veya sukuk edinerek farklı piyasa araçlarına erişebilir. Burada tutar bir tasarruf hesabına yatırılmak yerine seçilen sermaye piyasası aracının satın alınmasında kullanılır. Risk seviyesi ve beklenen yatırım süresi ürün tercihi yapılırken dikkate alınmalıdır.",yatirim,synthetic,zor
"İşletmenizin ulaşım ihtiyacı için satın alacağınız hafif ticari modellerde peşin ödemenin dışında kalan bölüm taksitlendirilebilir. 1,5 milyon TL'ye kadar tutarlarda 24, 36 veya 48 aylık ödeme alternatifleri sunulmaktadır. Kesin koşullar aracın bedeli ve müşteri değerlendirmesine göre oluşturulur.",tasit_finansmani,synthetic,zor
"Katılma hesabınızın vadesini 1 ay, 3 ay veya 6 ay seçebilirsiniz.",katilma_hesabi,real,belirsiz
Araba alacak bireysel müşterilere 36 ay vadeli finansman fırsatı.,tasit_finansmani,real,belirsiz
Bireysel ihtiyaçlarınız için 24 aya kadar finansman desteği.,ihtiyac_finansmani,real,belirsiz
"Çocuğunuzun özel okul kayıt ücreti ve dönem boyunca oluşacak eğitim giderleri için 180.000 TL'ye kadar ödeme desteği sağlanabilir. %2,12 kâr payı oranıyla 18 aya kadar planlama yapılmaktadır. Mevcut müşteriler başvurularını mobil uygulamadan iletebilir.",ihtiyac_finansmani,synthetic,orta
Satın almak istediğiniz daire için uzun vadeli finansman seçeneklerinden yararlanın.,konut_finansmani,real,belirsiz
"Döviz hesabınıza gelen uluslararası transferleri internet bankacılığı üzerinden görüntüleyebilirsiniz. Gönderici banka, işlem tarihi ve gelen tutar bilgileri hesap hareketlerinde yer alır. Bu hizmet döviz alım satımı veya yatırım ürünü edinilmesine yönelik değildir.",diger,synthetic,zor
"İşiniz için yeni bir hafif ticari araç almayı planlıyorsanız, 60 aya kadar vadeli finansman seçeneklerimizi değerlendirebilirsiniz. 300.000 TL ile 1.250.000 TL arasındaki taleplerde ödeme planı kullanım tutarına göre belirlenir. Kampanya 5 Mayıs 2026 itibarıyla geçerlidir.",tasit_finansmani,synthetic,orta
"Bireysel müşteriler, TL birikimlerini 6 aya kadar vadeli katılma hesabında değerlendirebilir. Hesabın getirisi önceden sabitlenmez; dönem sonunda oluşan kâr veya zarar paylaşım esaslarına göre yansıtılır.",katilma_hesabi,synthetic,kolay
Uzun vadeli birikimler için katılma hesabı fırsatı.,katilma_hesabi,real,belirsiz
"Mesleki sertifika programı, sınav hazırlık kursu ve eğitim materyalleri için oluşan giderlerinizi tek ödeme yerine zamana yayabilirsiniz. 60.000 TL ile 160.000 TL arasındaki tutarlar için 6 ila 24 aylık planlar oluşturulur. Koşullar 20 Ağustos 2026 tarihinden itibaren geçerlidir.",ihtiyac_finansmani,synthetic,zor
Yabancı para varlıklarını çeşitlendirmek isteyen bireysel müşteriler dolar ve euro işlemlerini yatırım hesabı üzerinden gerçekleştirebilir. Kur hareketlerine bağlı olarak değer kazancı veya kaybı oluşabileceğinden ürünlerin piyasa riski taşıdığı dikkate alınmalıdır. İşlemler mobil ve internet kanallarından yapılabilir.,yatirim,synthetic,orta
Kira sertifikası yatırımı ile portföyünüzü çeşitlendirin.,yatirim,real,belirsiz
"Yeni evlenecek müşteriler, düğün ve ev kurma sürecindeki farklı masraflarını aynı finansman çözümü kapsamında planlayabilir. 225.000 TL'ye kadar olan taleplerde 6 ila 24 ay arasında farklı ödeme dönemleri seçilebilir. Başvurular 1 Ekim 2026'ya kadar internet üzerinden başlatılabilir.",ihtiyac_finansmani,synthetic,orta
"Düğün salonu, organizasyon, gelinlik ve ev hazırlıkları gibi masraflarınız için tek bir ödeme planı oluşturabilirsiniz. 300.000 TL'ye kadar finansman imkânında %2,29'dan başlayan kâr payı oranları uygulanmaktadır. 12, 24 ve 36 aylık vade seçenekleri mevcuttur.",ihtiyac_finansmani,synthetic,orta
Döviz katılma hesabı ile tasarruflarınızı değerlendirin.,katilma_hesabi,real,belirsiz
"Tasarruflarını düzenli biçimde değerlendirmek isteyen müşteriler için kısa ve uzun vadeli hesap seçenekleri sunulmaktadır. 25.000 TL ve üzerindeki birikimler 1 ay, 6 ay veya 1 yıl süreyle değerlendirmeye alınabilir. Vade sonunda dağıtılacak tutar gerçekleşen kâr payına göre hesaplanır.",katilma_hesabi,synthetic,orta
"Seçtiğiniz aracın satış bedeli ile mevcut birikiminiz arasındaki fark için bankamızdan ödeme desteği alabilirsiniz. Sıfır otomobillerde 1,5 milyon TL'ye kadar, uygun ikinci el araçlarda ise 950.000 TL'ye kadar kullanım imkânı bulunmaktadır. Vade 12 ile 60 ay arasında belirlenirken ödeme koşulları araç türüne göre farklılaşabilir.",tasit_finansmani,synthetic,zor
"Özel hastane, diş tedavisi ve planlı sağlık hizmetlerinden kaynaklanan giderleriniz için bireysel ödeme çözümümüzden yararlanabilirsiniz. 120.000 TL'ye kadar olan ihtiyaçlar 3 ila 18 ay arasında taksitlendirilebilir. Başvurular mobil uygulama veya şubeler aracılığıyla yapılabilir.",ihtiyac_finansmani,synthetic,orta
Yeni müşterilere özel katılma hesabı kampanyası.,katilma_hesabi,real,belirsiz
"Yeni tamamlanmış bir projeden daire satın almak isteyenlere, peşinat sonrasında kalan tutarın uygun kısmı için taksitlendirme imkânı sunulmaktadır. 2.500.000 TL tutarındaki kullanımda 84 aya kadar ödeme planı seçilebilir. Başvuru için satın alınacak taşınmaza ilişkin belgelerin şubeye iletilmesi yeterlidir.",konut_finansmani,synthetic,zor
Vadeli hesap yerine katılım esaslı birikim hesabından yararlanın.,katilma_hesabi,real,belirsiz
Sağlık kuruluşuna yapacağınız ödemenin doğrudan banka hesabınızdan gönderilmesi için FAST veya EFT kullanabilirsiniz. İşlemin açıklama alanına hasta veya hizmet bilgisini eklemeniz mümkündür. Bu özellik tedavi masraflarına yönelik bir finansman paketi sunmaz.,diger,synthetic,zor
İşletmenize ait araçların akaryakıt ve bakım ödemelerinin takibini kolaylaştırmak için hesap hareketleri raporlama ekranımızı kullanabilirsiniz. Belirli açıklamalara sahip işlemler filtrelenerek raporlanabilir. Hizmet araç satın alımı için kaynak sağlamaz.,diger,synthetic,zor
"Ticari araç sahibi olmak isteyen müşteriler için 1,5 milyon TL'ye kadar finansman desteği sağlanmaktadır. 60 aya kadar vade seçenekleri bulunan kampanyaya şubelerimizden başvurabilirsiniz.",tasit_finansmani,synthetic,kolay
Altın birikimini yalnızca hesapta tutmak yerine fiyat hareketlerinden faydalanmak isteyen müşteriler düzenli alım talimatı verebilir. Belirlenen tutarda gram altın alımı yapılarak portföy zaman içinde büyütülebilir. Alım ve satış fiyatları piyasa koşullarına göre anlık olarak değişmektedir.,yatirim,synthetic,orta
Goldmaster Kart sahiplerine 3 ay boyunca alışveriş çeki.,kredi_karti,real,belirsiz
"Kart bilgilerinizi internet alışverişlerinde korumak için dijital güvenlik ayarlarınızı mobil uygulamadan yönetebilirsiniz. İnternetten işlem yetkisini geçici olarak kapatabilir veya yeniden açabilirsiniz. Duyuru herhangi bir indirim, puan ya da kredi kartı harcama kampanyası içermemektedir.",diger,synthetic,zor
"İlk evini almak isteyen bireysel müşterilere özel konut finansmanı fırsatıyla 2.500.000 TL'ye kadar finansman kullanabilirsiniz. %1,79 kâr payı oranı ve 120 aya varan vade seçeneklerinden yararlanmak için 15 Nisan 2026 tarihine kadar şubelerimize başvurabilirsiniz.",konut_finansmani,synthetic,kolay
Kredi kartı sahiplerine 5.000 TL alışveriş çeki kampanyası.,kredi_karti,real,belirsiz
Mevcut TL birikiminizi belirli bir vadeye bağlayarak katılım bankacılığı prensipleri çerçevesinde değerlendirebilirsiniz. 10.000 TL'den başlayan hesaplarda 3 ay ve 1 yıl vade seçenekleri mevcuttur. Getiri oranı sabit olmayıp vade sonunda gerçekleşen performansa göre belirlenmektedir.,katilma_hesabi,synthetic,orta
"Eğitim giderlerinizi ertelemeden karşılayabilmeniz için 150.000 TL'ye kadar ihtiyaç finansmanı sunuyoruz. %2,05 kâr payı oranı ve 24 aya varan vade seçeneklerinden yararlanabilirsiniz. Başvurular mobil uygulama üzerinden yapılabilir.",ihtiyac_finansmani,synthetic,kolay
Otomobil kampanyasında tahsis ücreti alınmadan taşıt finansmanı.,tasit_finansmani,real,belirsiz
Altın fonu ile birikimlerinizi değerlendirebilirsiniz.,yatirim,real,belirsiz
Okul veya kurs ücretinin kurum hesabına gönderilmesi için mobil bankacılıktan para transferi talimatı verebilirsiniz. Alıcının IBAN bilgisi ve gönderilecek tutar onay öncesinde kontrol edilir. İşlem eğitim giderlerini finanse eden ayrı bir ürün değildir.,diger,synthetic,zor
"Katılım hisse senetlerine ve faizsiz sermaye piyasası araçlarına yönelen fonumuz, uzun vadeli değer artışı hedefleyen yatırımcılara yöneliktir. Fonun risk seviyesi yüksek olup getirisi piyasa hareketlerine bağlı olarak değişebilir. Alım talimatları internet bankacılığından iletilebilir.",yatirim,synthetic,orta
Beklenmedik harcamalar için hızlı ihtiyaç finansmanı başvurusu.,ihtiyac_finansmani,real,belirsiz
Katılma hesabı açarak birikimlerinizi kâr paylaşımı esasına göre değerlendirin.,katilma_hesabi,real,belirsiz
"Yeni taşındığınız evin eksiklerini tamamlamak için mobilya, küçük ev aletleri ve beyaz eşya harcamalarınızı birlikte planlayabilirsiniz. 25.000 TL'den başlayan ve 200.000 TL'ye ulaşan taleplerde 3 ila 24 aylık seçenekler sunulur. Nihai ödeme tablosu şubede oluşturulmaktadır.",ihtiyac_finansmani,synthetic,orta
İkinci el araç alımında yaş kriterine göre finansman kullanabilirsiniz.,tasit_finansmani,real,belirsiz
Online alışverişlerde kartınıza 500 TL bonus yüklenecektir.,kredi_karti,real,belirsiz
"Yeni müşterilere özel olarak dolar ve euro cinsinden birikim hesabı seçenekleri sunulmaktadır. Minimum açılış tutarı 500 dolar veya 500 euro olup hesaplar 1, 3 ve 6 aylık sürelerle açılabilir. Kâr payı dağıtımı ilgili dönemin gerçekleşen sonucuna göre yapılır.",katilma_hesabi,synthetic,orta
Tasarruflarınızı geleneksel vadeli mevduattan farklı bir yapıda değerlendirmek isteyenler için kâr ve zarara katılım esaslı bir hesap alternatifi sunulmaktadır. 3 ay veya 6 ay boyunca hesapta tutulan TL bakiyeler için dönem sonunda gerçekleşen sonuç paylaşılır. Önceden kesin bir getiri oranı taahhüt edilmez.,katilma_hesabi,synthetic,zor
"Üniversite öğrenim ücreti, yabancı dil kursu veya sertifika programı gibi eğitim harcamalarınız için bütçenize uygun bir ödeme planı oluşturabilirsiniz. 25.000 TL ile 200.000 TL arasındaki talepler 6, 12 veya 18 ay vadeyle değerlendirilmektedir. Ön başvurular internet şubesinden alınmaktadır.",ihtiyac_finansmani,synthetic,orta
"Birikimlerini tek para birimiyle sınırlamak istemeyen müşteriler TL, dolar, euro ve altın bazlı hesap seçeneklerinden yararlanabilir. Seçilen para birimine göre minimum açılış tutarı ve vade alternatifleri değişiklik gösterebilir. Dönemsel getiri, önceden taahhüt edilen sabit bir faiz yerine gerçekleşen kâr payı üzerinden oluşur.",katilma_hesabi,synthetic,orta
Kartınızla market alışverişlerinde yüzde 20 indirim kazanın.,kredi_karti,real,belirsiz
"Yeni bir ev sahibi olmak isteyen müşterilerimize 5 milyon TL'ye kadar konut finansmanı desteği sunuyoruz. 60 ay vadede avantajlı ödeme seçeneklerinden yararlanabilir, başvurunuzu mobil uygulama üzerinden kolayca iletebilirsiniz.",konut_finansmani,synthetic,kolay
"Yeni ev kurarken ihtiyaç duyduğunuz koltuk takımı, yatak odası ve yemek odası ürünlerinin alımı için destek sağlanmaktadır. 250.000 TL'ye kadar kullanım tutarı 24 aya kadar vadelendirilebilir. Kampanya bireysel müşteriler için Eylül ayı sonuna kadar geçerlidir.",ihtiyac_finansmani,synthetic,orta
Bir süre kullanmayacağınız 100.000 TL'lik birikiminizi günlük hesaptan ayırarak 1 yıl süreyle değerlendirebilirsiniz. Dönem sonunda hesabınıza yansıyacak tutar baştan sabitlenmez ve bankanın ilgili havuzunda oluşan sonuca göre belirlenir.,katilma_hesabi,synthetic,zor
"Tasarruflarını değerlendirmek isteyen müşteriler için önceden belirlenmiş bir kâr paylaşım oranı yerine, piyasa değeri günlük olarak değişen araçlara erişim imkânı sunulmaktadır. Portföye sukuk, altın ve seçili katılım fonu payları eklenebilir. Alım ve satım kararları yatırımcının tercihine göre gerçekleştirilir.",yatirim,synthetic,zor
Ticari araç satın alımlarında avantajlı taşıt finansmanı seçenekleri.,tasit_finansmani,real,belirsiz
Dijital bankacılık kullanıcılarının güvenliği için şüpheli girişlerin tespit edilmesine yönelik yeni kontroller devreye alınmıştır. Tanınmayan bir cihazdan giriş yapılması halinde ek doğrulama istenebilir. Bankamız sizden telefon veya mesaj yoluyla internet şifrenizi paylaşmanızı talep etmez.,diger,synthetic,orta
Altın fiyatlarındaki hareketlerden yararlanmak isteyen müşteriler için gram altın alım satım imkânı sunulmaktadır. Yatırım hesabınız üzerinden dilediğiniz tutarda altın alabilir ve portföyünüzde takip edebilirsiniz.,yatirim,synthetic,kolay
"İlk kez ev sahibi olacak yeni müşterilere yönelik kampanyada, satın alınacak taşınmazın ekspertiz değeri ve müşteri değerlendirmesi dikkate alınarak finansman limiti belirlenir. 2.500.000 TL'ye kadar taleplerde %1,89'dan başlayan kâr payı oranı ve 10 yıla kadar vade seçeneği bulunmaktadır. Kampanyaya 15 Nisan 2026 tarihinden itibaren katılım sağlanabilir.",konut_finansmani,synthetic,orta
Uzun süredir planladığınız diş tedavisini ertelemek yerine giderlerinizi düzenli aylık ödemelere bölebilirsiniz. 125.000 TL'ye kadar ihtiyaçlarda 18 aya varan plan seçenekleri sunulmaktadır. Başvurunun sonuçlanması için sağlık hizmetine ilişkin belge istenebilir.,ihtiyac_finansmani,synthetic,zor
"İkinci el konut satın alımlarında bireysel müşterilere özel finansman imkânı sunulmaktadır. 2.000.000 TL'ye kadar konut finansmanı için 10 yıla varan ödeme planı oluşturabilir, detaylı bilgiye internet bankacılığından ulaşabilirsiniz.",konut_finansmani,synthetic,kolay
Sıfır araç alımlarında 48 aya kadar taşıt finansmanı fırsatı.,tasit_finansmani,real,belirsiz
Düşük ve orta risk profiline sahip müşteriler için kira sertifikası ve kısa vadeli katılım araçlarından oluşan bir fon alternatifi sunulmaktadır. Fon portföyü profesyonel yöneticiler tarafından piyasa koşullarına göre güncellenir. Getiri önceden garanti edilmez ve fon birim pay değeri değişebilir.,yatirim,synthetic,orta
Mobilya ve beyaz eşya alımlarında ihtiyaç finansmanı fırsatı.,ihtiyac_finansmani,real,belirsiz
Konut projelerine özel avantajlı finansman koşulları sunulmaktadır.,konut_finansmani,real,belirsiz
"Evinizin mutfak veya banyo yenilemesi için 500.000 TL'ye kadar ihtiyaç finansmanı kullanabilirsiniz. %2,35 kâr payı oranıyla 36 aya kadar ödeme imkânı bulunan kampanya 30 Kasım 2026 tarihine kadar devam edecektir.",ihtiyac_finansmani,synthetic,kolay
Kira sertifikalarına yatırım yaparak faizsiz sermaye piyasası araçlarını portföyünüze ekleyebilirsiniz. Farklı vadelerde ihraç edilen ürünlerin detayları ve risk bilgileri internet şubesinde görüntülenebilir.,yatirim,synthetic,kolay
"Yatırım hesabı açarak katılım esaslı fon, sukuk, altın ve döviz ürünlerine tek noktadan erişebilirsiniz. İşlemlerinizi mobil kanaldan takip edebilir ve portföyünüzün dağılımını ihtiyaçlarınıza göre değiştirebilirsiniz.",yatirim,synthetic,kolay
Kira sertifikası ihracına yatırım yapabilirsiniz.,yatirim,real,belirsiz
Gold kart ile restoran harcamalarında yüzde 15 iade.,kredi_karti,real,belirsiz
Hesabınıza tanımlayacağınız cep telefonu numarasıyla para transferlerinde IBAN paylaşma ihtiyacını azaltabilirsiniz. Kolay adres tanımı mobil uygulamadan oluşturulabilir veya güncellenebilir. Tanımlama işlemi herhangi bir yatırım ya da finansman ürünü oluşturmaz.,diger,synthetic,orta
Dolar cinsinden tasarruflarını korumak ve aynı zamanda katılım esaslı bir getiri modeline dahil olmak isteyen müşteriler 3 aylık dönem seçebilir. Hesaba yatırılan tutar ortak bir fonlama havuzunda değerlendirilir ve gerçekleşen sonuç müşterinin paylaşım oranına göre yansıtılır.,katilma_hesabi,synthetic,zor
"Sıfır otomobil sahibi olmak isteyen bireysel müşterilerimize özel taşıt finansmanı fırsatı sunuyoruz. 950.000 TL'ye kadar finansman, %2,09 kâr payı oranı ve 48 aya varan vade seçenekleriyle kullanılabilir. Başvurular 5 Mayıs 2026 tarihinden itibaren şubelerimizden yapılabilir.",tasit_finansmani,synthetic,kolay
İlk evim kampanyası kapsamında uygun ödeme planlı konut finansmanı.,konut_finansmani,real,belirsiz
"Düzenli tasarruf yapan müşteriler her ay belirledikleri tutarla seçili fonlardan pay satın alabilir. İşlem, klasik bir katılma hesabında olduğu gibi vade sonunda kâr payı dağıtımına dayanmaz; portföyünüzdeki payların değeri piyasa hareketlerine göre değişir. Talimatlar mobil uygulama üzerinden güncellenebilir.",yatirim,synthetic,zor
Kart ile yapılan seyahat harcamalarında yüzde 10 iade.,kredi_karti,real,belirsiz
Sıfır veya ikinci el araç tercihinize göre farklı ödeme seçeneklerinden yararlanabilirsiniz. 950.000 TL tutarındaki finansman ihtiyacı için 36 ve 48 aylık planlar sunulurken nihai oran başvuru değerlendirmesi sonrasında belirlenir. Kampanyaya internet üzerinden başvuru yapılabilir.,tasit_finansmani,synthetic,orta
"Döviz yatırımlarınızı dolar ve euro cinsinden kolayca yönetebilirsiniz. Mobil uygulama üzerinden piyasa koşullarını takip ederek alım veya satım işlemi gerçekleştirebilir, varlık dağılımınızı çeşitlendirebilirsiniz.",yatirim,synthetic,kolay
Katılım fonları ile uzun vadeli yatırım alternatifleri.,yatirim,real,belirsiz
"Döviz birikimlerinizi günlük harcamalardan ayırarak belirli bir süre değerlendirmek istiyorsanız dolar ve euro bazlı hesap alternatiflerinden yararlanabilirsiniz. 1 ve 3 aylık vadelerde elde edilen sonuç, katılım bankacılığına özgü kâr-zarar paylaşımı prensibine göre hesabınıza aktarılır.",katilma_hesabi,synthetic,orta
Yeni ev alacak müşterilere 2 milyon TL'ye kadar konut finansmanı desteği.,konut_finansmani,real,belirsiz
Sağlık harcamalarınızı bütçenizi zorlamadan karşılamak için 250.000 TL'ye kadar bireysel finansman kullanabilirsiniz. 24 aya kadar vade seçenekleri sunulan ürüne internet bankacılığından ön başvuru yapılabilir.,ihtiyac_finansmani,synthetic,kolay
Peşinat sonrası kalan tutar için konut finansmanı kullanabilirsiniz.,konut_finansmani,real,belirsiz
Dolar birikimlerinizi değerlendirmek için yabancı para katılma hesabı seçeneğinden yararlanabilirsiniz. 1 ay ile 1 yıl arasında değişen vadelerde hesap açabilir ve gerçekleşen kâr payına ortak olabilirsiniz.,katilma_hesabi,synthetic,kolay
"Ev veya işyerinde oluşabilecek belirli risklere karşı sigorta seçenekleri hakkında şubelerimizden bilgi alabilirsiniz. Poliçe kapsamı, teminatlar ve prim tutarları seçilen ürüne göre değişmektedir. Bu hizmet herhangi bir ev satın alma finansmanı içermemektedir.",diger,synthetic,orta
"İşyerinizde kullanılan POS cihazında bağlantı sorunu yaşamanız halinde teknik destek hattımıza ulaşabilirsiniz. Terminal yeniden başlatma, bağlantı testi ve işlem kontrolü konusunda uzaktan destek sağlanabilir. Hizmet, işletmeye finansman kullandırılmasına yönelik değildir.",diger,synthetic,zor
Kartınızı evde unutsanız bile uygun ATM'lerde mobil uygulamadaki karekod özelliğini kullanarak hesabınızdan para çekebilirsiniz. İşlem doğrudan seçtiğiniz hesaptaki mevcut bakiyeden gerçekleştirilir. Bu özellik kartla yapılan bir alışveriş kampanyası veya kredi kartı avantajı değildir.,diger,synthetic,zor
Fon alım satım işlemleri internet bankacılığından yapılabilir.,yatirim,real,belirsiz
"Satın almayı planladığınız ikinci el dairenin ekspertiz işlemleri tamamlandıktan sonra kalan ödeme ihtiyacınız için bankamızın uzun vadeli çözümünden yararlanabilirsiniz. 1 Haziran 2026'dan itibaren yapılacak başvurularda 36, 60 ve 120 aylık alternatifler sunulmaktadır. Yeni ve mevcut müşteriler başvurularını mobil uygulamadan başlatabilir.",konut_finansmani,synthetic,zor
Kişisel harcamalar için avantajlı kâr payı ile finansman.,ihtiyac_finansmani,real,belirsiz
Ev alımına yönelik bireysel finansman başvuruları şubelerden yapılabilir.,konut_finansmani,real,belirsiz
"Evinizde uzun süredir ertelediğiniz boya, parke ve tesisat yenileme işlemlerini tek seferde yaptırabilirsiniz. 350.000 TL'ye kadar sağlanan finansman için 36 aya varan ödeme seçenekleri sunulur. Kesin kâr payı oranı başvuru değerlendirmesinin ardından belirlenir.",ihtiyac_finansmani,synthetic,orta
Otomobilinizi yenilerken peşinat sonrasında kalan tutar için bankamızın araç alımına özel finansman çözümünden yararlanabilirsiniz. 24 ve 48 ay vadelerde farklı kâr payı oranları uygulanmaktadır. Yeni müşteriler ön başvurularını mobil kanaldan iletebilir.,tasit_finansmani,synthetic,orta
İkinci el otomobil alımlarında 300.000 TL'den başlayan finansman seçeneklerinden yararlanabilirsiniz. 36 aya kadar vade ve müşteriye özel kâr payı oranlarıyla bütçenize uygun ödeme planı oluşturabilirsiniz.,tasit_finansmani,synthetic,kolay
"Mobil uygulamadaki yeni para transferi ekranı sayesinde kayıtlı alıcılarınıza daha az adımla gönderim yapabilirsiniz. EFT, havale ve FAST seçenekleri işlem saatine göre otomatik olarak gösterilir. Transfer geçmişiniz aynı ekrandan görüntülenebilir.",diger,synthetic,orta
"Mobil uygulamanın yeni sürümünde hesaplar arası geçiş, dekont paylaşımı ve işlem arama özellikleri geliştirildi. Güncelleme sonrasında sık kullandığınız bankacılık işlemlerine ana ekrandan erişebilirsiniz. Eski uygulama sürümleri belirli bir tarihten sonra desteklenmeyebilir.",diger,synthetic,orta
"Sıfır araç alımlarında %2,09 kâr payı oranıyla 48 aya kadar ödeme imkânından yararlanabilirsiniz. 1,5 milyon TL'ye kadar olan talepler müşteri değerlendirmesi ve araç bedeli doğrultusunda sonuçlandırılmaktadır. Başvuru süreci internet bankacılığından takip edilebilir.",tasit_finansmani,synthetic,orta
Hayalinizdeki eve kavuşmanız için düşük maliyetli konut finansmanı fırsatı.,konut_finansmani,real,belirsiz
Ev yenileme masrafları için bireysel finansman seçeneği.,ihtiyac_finansmani,real,belirsiz
Konut alımlarında avantajlı kâr payı oranı ve esnek ödeme seçenekleri sunulmaktadır.,konut_finansmani,real,belirsiz
FAST ile para transferlerinizi günün her saatinde gerçekleştirebilirsiniz. IBAN veya kolay adres bilgisi kullanarak işleminizi mobil ve internet bankacılığından tamamlayabilirsiniz.,diger,synthetic,kolay
"Birikimlerinizi katılım bankacılığı prensiplerine uygun şekilde değerlendirmek için TL katılma hesabı açabilirsiniz. 1 ay, 3 ay, 6 ay ve 1 yıl vade seçenekleri arasından tercih yapabilir, dönem sonunda oluşan kâr payından yararlanabilirsiniz.",katilma_hesabi,synthetic,kolay
Katılım hesabı ürünümüzle tasarruflarınızı değerlendirebilirsiniz.,katilma_hesabi,real,belirsiz
"Mevcut evinizi değiştirerek yeni bir konuta taşınmak istiyorsanız, satın alma bedelinin uygun bulunan kısmı için finansman desteği sağlanabilir. 60 ay vadeli seçeneklerde %2,15 kâr payı oranı uygulanırken daha uzun vadeler için oranlar farklılaşabilir. 1 Haziran 2026'dan itibaren geçerli koşullar mobil uygulamada görüntülenebilir.",konut_finansmani,synthetic,orta
İnternet bankacılığında güvenliğinizi artırmak amacıyla giriş adımları güncellenmiştir. Hesabınıza erişirken tek kullanımlık doğrulama kodu talep edilebilir.,diger,synthetic,kolay
Altın birikimlerinizi atıl bırakmadan katılım bankacılığı esaslarına uygun bir hesapta değerlendirebilirsiniz. 3 ay ve 6 ay vadeli seçeneklerde dönem sonunda oluşan getiri kâr paylaşımı esasına göre hesabınıza yansıtılır.,katilma_hesabi,synthetic,kolay
"Birikiminizin tamamını tek bir vadeli üründe değerlendirmek yerine farklı araçlara bölerek risk dağılımı sağlayabilirsiniz. Örneğin portföyün bir bölümü kira sertifikalarında, diğer bölümü gram altın ve katılım fonlarında tutulabilir. Bu yapıdaki kazanç veya kayıp, seçilen araçların piyasa performansına bağlıdır.",yatirim,synthetic,zor
İşyeri müşterileri satışlarından doğan tahsilatlarını POS üzerinden banka hesaplarına aktarabilir. Gün sonu raporları internet bankacılığından görüntülenebilir ve işlem hareketleri dışa aktarılabilir. Hizmet koşulları işletme tipine göre değişebilir.,diger,synthetic,orta
"Hayalinizdeki daireye kavuşmak için 500.000 TL'den başlayan konut finansmanı seçeneklerimizi değerlendirin. %2,15 kâr payı oranı ve 36 aya varan vade imkânı Ağustos sonuna kadar geçerlidir.",konut_finansmani,synthetic,kolay
Mobil bankacılıktan kolayca katılma hesabı açabilirsiniz.,katilma_hesabi,real,belirsiz
Yeni mobilyalarınızı ve eviniz için gerekli beyaz eşyaları almak artık daha kolay. 180.000 TL'ye kadar finansman desteği 3 aydan 24 aya kadar farklı vade seçenekleriyle sunulmaktadır. Başvurunuzu mobil kanaldan gerçekleştirebilirsiniz.,ihtiyac_finansmani,synthetic,kolay
Evinizin tadilatı için uygun ödeme planlı ihtiyaç finansmanı.,ihtiyac_finansmani,real,belirsiz
Altın hesabınıza ait bakiye ve geçmiş hareketler yeni mobil bankacılık ekranında tek sayfada görüntülenebilir. Bu güncelleme yalnızca hesap bilgilerinin izlenmesini ve işlem geçmişine erişimi kolaylaştırmaktadır. Herhangi bir altın fonu veya yatırım tavsiyesi sunulmamaktadır.,diger,synthetic,zor
"Uzun süre elde tutulması planlanan birikimler için altın ve kira sertifikalarının birlikte yer aldığı dengeli bir dağılım tercih edilebilir. Müşteri belirli bir vade sonunda sabit getiri almak yerine, sahip olduğu araçların fiyat ve gelir performansına ortak olur. Portföy durumu internet şubesinden izlenebilir.",yatirim,synthetic,zor
Otomobil alımlarında katılım bankacılığı esaslarına uygun finansman.,tasit_finansmani,real,belirsiz
Ev sahibi olmak isteyenlere özel 120 aya varan vadelerle konut finansmanı fırsatı.,konut_finansmani,real,belirsiz
İkinci el araç satın almak isteyen mevcut müşterilerimize özel finansman koşulları hazırlandı. Aracın yaşı ve satış bedeli dikkate alınarak 950.000 TL'ye kadar destek sağlanabilir. Başvurular mobil uygulamadan başlatılıp gerekli belgeler şubeye iletilebilir.,tasit_finansmani,synthetic,orta
Eğitim giderlerinizi karşılamak üzere katılım esaslı finansman.,ihtiyac_finansmani,real,belirsiz
Elektronik alışverişlerinde kredi kartına özel 6 taksit.,kredi_karti,real,belirsiz
Kısa ve orta vadeli piyasa fırsatlarını değerlendirmek isteyen müşteriler için sukuk ağırlıklı bir katılım fonu sunulmaktadır. Portföyün önemli bölümü kira sertifikalarından oluşurken kalan kısmı farklı faizsiz yatırım araçlarında değerlendirilebilir. Fon paylarının değeri piyasa koşullarına göre değişmektedir.,yatirim,synthetic,orta
"Şubeye gitmeden banka hesabınıza ait IBAN bilgisini mobil uygulamadan görüntüleyebilir ve paylaşabilirsiniz. Aynı ekrandan hesap adı, para birimi ve kullanılabilir bakiye bilgilerine erişilebilir. Herhangi bir fon, sukuk veya kâr payı ürünü satın alınmaz.",diger,synthetic,zor
"Beklenmedik bir sağlık gideri ortaya çıktığında tüm tutarı aynı anda ödemeniz gerekmeyebilir. Tedavi, tetkik ve hastane masrafları için 200.000 TL'ye kadar ödeme kolaylığı sağlanarak 3 ila 24 aylık bir plan hazırlanabilir. Başvuru mobil uygulamadan başlatılıp şubede tamamlanabilir.",ihtiyac_finansmani,synthetic,zor
İhtiyaçlarınızı ertelemeden karşılamak için finansman desteği.,ihtiyac_finansmani,real,belirsiz
"Orta vadeli birikimlerini sermaye piyasalarında değerlendirmek isteyen müşteriler için kira sertifikası seçenekleri sunulmaktadır. 6 ay, 1 yıl ve daha uzun vadeli ihraçlar arasından tercih yapılabilir. Ürünün getirisi ve vade yapısı ihraç koşullarına göre değişiklik gösterebilir.",yatirim,synthetic,orta
Birikim hesabınızdan farklı bir hesaba para aktarmak istediğinizde hesaplar arası transfer özelliğini kullanabilirsiniz. İşlem sırasında herhangi bir vade veya kâr payı tanımlanmaz; yalnızca bakiyenizin seçtiğiniz hesaba aktarımı yapılır. Transfer sonucu mobil uygulamadan takip edilebilir.,diger,synthetic,zor
Portföyünü çeşitlendirmek isteyenlere sukuk yatırım fırsatı.,yatirim,real,belirsiz
Araç satın alımlarında ödeme planınızı bütçenize göre oluşturun.,tasit_finansmani,real,belirsiz
"Aylık harcamalarınız dışında kalan tasarrufunuzu 25.000 TL başlangıç tutarıyla ayrı bir hesapta değerlendirebilirsiniz. 1 ay, 3 ay veya 1 yıl sonunda hesabın performansına bağlı olarak oluşan kazanç ya da zarar bakiyenize yansıtılır.",katilma_hesabi,synthetic,zor
"Yeni bir yaşam düzeni kurarken koltuktan beyaz eşyaya, perdeden küçük ev aletlerine kadar pek çok kalem aynı anda masraf oluşturabilir. Uygun bulunan alışveriş bedelinin 300.000 TL'ye kadar olan bölümü için 6 ila 30 aylık ödeme takvimi hazırlanabilir. Bu imkândan yararlanmak isteyen bireysel müşteriler 15 Kasım 2026'ya kadar şubeye başvurabilir.",ihtiyac_finansmani,synthetic,zor
"Katılım bankacılığı prensiplerine uygun sukuk seçenekleriyle yatırım portföyünüzü çeşitlendirebilirsiniz. Farklı vade ve getiri yapılarına sahip kira sertifikalarını mobil uygulama üzerinden inceleyebilir, uygun gördüğünüz ürüne yatırım yapabilirsiniz.",yatirim,synthetic,kolay
"Düğün hazırlıklarınız için ihtiyaç duyduğunuz harcamaları 200.000 TL'ye kadar finansman desteğiyle karşılayabilirsiniz. 6, 12, 18 veya 24 aylık ödeme seçeneklerinden bütçenize uygun olanı seçebilirsiniz. Kampanya Ekim ayı sonuna kadar geçerlidir.",ihtiyac_finansmani,synthetic,kolay
"Yeni bir otomobile geçiş yaparken bütçenizin tamamını tek seferde kullanmak zorunda değilsiniz. Satın alma bedelinin uygun bulunan bölümü için %2,09'dan başlayan oranlarla 48 aya kadar ödeme planı hazırlanabilir. Ön değerlendirme mobil uygulamada, nihai işlemler ise şube üzerinden tamamlanır.",tasit_finansmani,synthetic,zor
"Evinizin yaşam alanlarını yenilerken dekorasyon, kapı, zemin ve mutfak dolabı giderlerinizi tek plan altında karşılayabilirsiniz. 275.000 TL tutarındaki finansman ihtiyacı 12, 24 veya 36 ay vadeyle değerlendirilebilir. Şubeden tamamlanacak başvuru için harcamaya ilişkin belgeler talep edilebilir.",ihtiyac_finansmani,synthetic,orta
"Yeni otomobil alımınıza özel ödeme çözümüyle 1.200.000 TL'ye kadar finansman kullanabilirsiniz. 12, 24 ve 36 aylık alternatif ödeme planları arasından bütçenize uygun seçeneği belirleyebilirsiniz. Kampanya bireysel müşteriler için Eylül ayı sonuna kadar geçerlidir.",tasit_finansmani,synthetic,orta
Yeni müşterilere özel olarak hazırlanan ev sahibi olma paketinde ilk 12 aya yönelik esnek taksit seçenekleri sunulmaktadır. 2.000.000 TL tutarındaki finansman 10 yıla kadar vadelendirilebilir ve başvuru süreci mobil uygulamadan başlatılabilir. Nihai koşullar satın alınacak konutun ekspertiz değeri üzerinden belirlenir.,konut_finansmani,synthetic,orta
"Banyonuzu yenilemek, evin elektrik tesisatını değiştirmek ve eskiyen pencereleri elden geçirmek istiyorsanız masrafları tek seferde karşılamak zorunda değilsiniz. 320.000 TL'ye kadar tutar için 36 aya yayılan bir ödeme programı oluşturulabilir. Kampanya Aralık ayının ilk haftasına kadar bireysel müşterilere açıktır.",ihtiyac_finansmani,synthetic,zor
Banka hesabınıza giriş yapıldığında kayıtlı cep telefonunuza güvenlik bildirimi gönderilebilir. Bildirimde size ait olmayan bir cihaz görürseniz internet bankacılığı şifrenizi değiştirmeniz ve müşteri hizmetlerine bilgi vermeniz önerilir. Bu duyuru hesap güvenliğiyle ilgilidir ve herhangi bir ürün kampanyası içermez.,diger,synthetic,zor
Döviz ve altın bazlı yatırım ürünleri sunulmaktadır.,yatirim,real,belirsiz
"Yeni evinize taşındıktan sonra elektrik, su ve doğal gaz faturalarınız için otomatik ödeme talimatı oluşturabilirsiniz. Talimatlar mobil uygulamadan görüntülenebilir, değiştirilebilir veya iptal edilebilir. Hizmet yalnızca fatura ödemelerinin düzenli olarak gerçekleştirilmesini sağlar.",diger,synthetic,zor
"Şehir merkezinde veya yeni gelişen bölgelerde daire almayı planlayan bireysel müşteriler, uzun vadeli finansman seçeneklerinden yararlanabilir. 3.500.000 TL'ye kadar sağlanan destek için 120 aya varan ödeme planı oluşturulabilir. Başvurular internet bankacılığından başlatılıp gerekli belgeler şubeye teslim edilebilir.",konut_finansmani,synthetic,orta
"Çocuğunuzun okul, kurs ve eğitim masrafları için 75.000 TL'den 300.000 TL'ye kadar ihtiyaç finansmanı seçenekleri sunulmaktadır. 12 ve 24 aylık vadelerde farklı kâr payı oranlarından yararlanabilirsiniz. Başvurular 15 Ağustos 2026'dan itibaren alınacaktır.",ihtiyac_finansmani,synthetic,kolay
Akaryakıt harcamalarına özel bonus ve indirim fırsatı.,kredi_karti,real,belirsiz
"İkinci el otomobil alımlarında finansman tutarı aracın satış fiyatı ve değerlendirme kriterlerine göre belirlenmektedir. 750.000 TL'ye kadar talepler 12, 24 veya 36 ay vadeyle değerlendirilebilir. Kart müşterilerine başvuru sürecinde ek ücret avantajı sunulabilir.",tasit_finansmani,synthetic,orta
Yurt içi para gönderim işlemlerinizde alıcının IBAN bilgisini kullanarak transfer talimatı oluşturabilirsiniz. Mobil ve internet kanallarında işlem öncesinde alıcı adı ve tutar bilgileri kontrol ekranında gösterilir. Onaylanan transferlerin durumu işlem geçmişinden izlenebilir.,diger,synthetic,orta
Evinizin tadilat ve yenileme masrafları için 300.000 TL'ye kadar ihtiyaç finansmanı kullanabilirsiniz. 36 aya kadar vade imkânı sunulan kampanyaya 1 Eylül 2026 tarihinden itibaren şubelerimizden başvurabilirsiniz.,ihtiyac_finansmani,synthetic,kolay
